{
  "roc_auc": 0.8513056092843326,
  "roc_auc_ci": [
    0.7851783064239503,
    0.9018563032841574
  ],
  "pr_auc": 0.7003914425722692,
  "pr_auc_ci": [
    0.5586966150503645,
    0.833757488418662
  ],
  "f1": 0.3333333333333333,
  "precision": 0.7692307692307693,
  "recall": 0.2127659574468085,
  "brier": 0.15111303534778367,
  "threshold": 0.7631578947368421,
  "n_test": 135
}