algo,pr_auc,pr_auc_lo,pr_auc_hi,roc_auc,roc_auc_lo,roc_auc_hi,brier,f1,precision,recall,threshold,n_test
rf,0.760159551004796,0.6191060221086605,0.860852878976211,0.8575918762088975,0.78921783625731,0.913867672995124,0.14794787535927334,0.4444444444444444,0.875,0.2978723404255319,0.7643467643467643,135
xgb,0.736592456399064,0.6030989901079317,0.8443462506113389,0.8520309477756286,0.7817822715687925,0.9047487291212781,0.1507264063047479,0.36666666666666664,0.8461538461538461,0.23404255319148937,0.739027202129364,135
logreg,0.7104463237776937,0.5809960096928044,0.824129573424481,0.8493713733075435,0.7754571599249018,0.904439459049545,0.15558630912072238,0.42424242424242425,0.7368421052631579,0.2978723404255319,0.8695071010860485,135
lgbm,0.7003914425722692,0.5586966150503645,0.833757488418662,0.8513056092843326,0.7851783064239503,0.9018563032841574,0.15111303534778367,0.3333333333333333,0.7692307692307693,0.2127659574468085,0.7631578947368421,135
