{
  "roc_auc": 0.8493713733075435,
  "roc_auc_ci": [
    0.7754571599249018,
    0.904439459049545
  ],
  "pr_auc": 0.7104463237776937,
  "pr_auc_ci": [
    0.5809960096928044,
    0.824129573424481
  ],
  "f1": 0.42424242424242425,
  "precision": 0.7368421052631579,
  "recall": 0.2978723404255319,
  "brier": 0.15558630912072238,
  "threshold": 0.8695071010860485,
  "n_test": 135
}