{
  "roc_auc": 0.8575918762088975,
  "roc_auc_ci": [
    0.78921783625731,
    0.913867672995124
  ],
  "pr_auc": 0.760159551004796,
  "pr_auc_ci": [
    0.6191060221086605,
    0.860852878976211
  ],
  "f1": 0.4444444444444444,
  "precision": 0.875,
  "recall": 0.2978723404255319,
  "brier": 0.14794787535927334,
  "threshold": 0.7643467643467643,
  "n_test": 135
}