{
  "roc_auc": 0.8520309477756286,
  "roc_auc_ci": [
    0.7817822715687925,
    0.9047487291212781
  ],
  "pr_auc": 0.736592456399064,
  "pr_auc_ci": [
    0.6030989901079317,
    0.8443462506113389
  ],
  "f1": 0.36666666666666664,
  "precision": 0.8461538461538461,
  "recall": 0.23404255319148937,
  "brier": 0.1507264063047479,
  "threshold": 0.739027202129364,
  "n_test": 135
}